jobs,things,y
1.00000000000000,3.00000000000000,0.00195701157647
1.00000000000000,2.00000000000000,-0.00141895954263
1.00000000000000,4.00000000000000,0.00027098246883
1.00000000000000,1.00000000000000,0.00101076401276
1.00000000000000,1.00000000000000,0.00000040190088
1.00000000000000,4.00000000000000,0.00319833029012
1.00000000000000,1.00000000000000,-0.00225361043530
1.00000000000000,1.00000000000000,-0.00066821507679
1.00000000000000,1.00000000000000,0.00192251859089
1.00000000000000,3.00000000000000,0.00248206423407
1.00000000000000,1.00000000000000,0.00118627574883
1.00000000000000,1.00000000000000,0.00138756260070
1.00000000000000,2.00000000000000,-0.00200626105257
1.00000000000000,3.00000000000000,-0.00448230199521
1.00000000000000,1.00000000000000,0.00164983543274
1.00000000000000,2.00000000000000,0.00168372225550
1.00000000000000,2.00000000000000,-0.00313834050841
1.00000000000000,4.00000000000000,-0.00042795836233
1.00000000000000,4.00000000000000,-0.00013872988125
1.00000000000000,2.00000000000000,-0.00133622120586
1.00000000000000,6.00000000000000,-0.00024115046037
1.00000000000000,5.00000000000000,0.00352533977068
1.00000000000000,10.00000000000000,-0.00042490301977
1.00000000000000,12.00000000000000,0.00021357432327
1.00000000000000,12.00000000000000,0.00044997897901
1.00000000000000,10.00000000000000,-0.00372997681829
1.00000000000000,10.00000000000000,-0.00676464504629
1.00000000000000,10.00000000000000,-0.00171202571403
1.00000000000000,10.00000000000000,0.00157262889591
1.00000000000000,5.00000000000000,-0.00584920349518
1.00000000000000,12.00000000000000,-0.00334391636583
1.00000000000000,12.00000000000000,-0.00229945005820
1.00000000000000,12.00000000000000,0.00001165632851
1.00000000000000,5.00000000000000,-0.00171653820138
1.00000000000000,12.00000000000000,-0.00172248316136
2.00000000000000,6.00000000000000,0.14444405894305
2.00000000000000,4.00000000000000,0.11779431061266
2.00000000000000,3.00000000000000,0.41665840801961
2.00000000000000,2.00000000000000,0.08477876395979
2.00000000000000,7.00000000000000,0.35076387150057
2.00000000000000,5.00000000000000,0.38107977064791
2.00000000000000,8.00000000000000,0.16760060245356
2.00000000000000,1.00000000000000,0.50152520619810
2.00000000000000,4.00000000000000,0.11761147030159
2.00000000000000,4.00000000000000,0.12148549653379
2.00000000000000,6.00000000000000,0.14723633181331
2.00000000000000,4.00000000000000,0.12393071890709
2.00000000000000,3.00000000000000,0.41608548529239
2.00000000000000,4.00000000000000,0.11872300893247
2.00000000000000,2.00000000000000,0.08403392865235
2.00000000000000,5.00000000000000,0.38178071524915
2.00000000000000,3.00000000000000,0.41705976051847
2.00000000000000,3.00000000000000,0.41785072255988
2.00000000000000,3.00000000000000,0.41423481910644
2.00000000000000,3.00000000000000,0.41688492421287
2.00000000000000,13.00000000000000,0.31089751153225
2.00000000000000,15.00000000000000,0.30214298428182
2.00000000000000,18.00000000000000,0.22856653956554
2.00000000000000,9.00000000000000,0.33382600801646
2.00000000000000,12.00000000000000,0.19843533891133
2.00000000000000,10.00000000000000,0.18903615338072
2.00000000000000,17.00000000000000,0.28949167646266
2.00000000000000,24.00000000000000,0.24307987840982
2.00000000000000,10.00000000000000,0.18618755760009
2.00000000000000,9.00000000000000,0.33474459521471
2.00000000000000,10.00000000000000,0.18808554209110
2.00000000000000,9.00000000000000,0.32907595539247
2.00000000000000,18.00000000000000,0.22576187102983
2.00000000000000,9.00000000000000,0.33317541607879
2.00000000000000,17.00000000000000,0.28917540650924
3.00000000000000,9.00000000000000,0.21998705394871
3.00000000000000,5.00000000000000,0.37719982198538
3.00000000000000,1.00000000000000,0.66669769835555
3.00000000000000,6.00000000000000,0.17520555561260
3.00000000000000,3.00000000000000,0.12616908291696
3.00000000000000,8.00000000000000,0.36732035163495
3.00000000000000,4.00000000000000,0.54011976576573
3.00000000000000,2.00000000000000,0.42044980904116
3.00000000000000,12.00000000000000,0.25150281591229
3.00000000000000,11.00000000000000,0.36001813071475
3.00000000000000,7.00000000000000,0.48290968350997
3.00000000000000,10.00000000000000,0.44812152216090
3.00000000000000,1.00000000000000,0.66370577534894
3.00000000000000,1.00000000000000,0.66747368344733
3.00000000000000,1.00000000000000,0.66399377368199
3.00000000000000,6.00000000000000,0.17861062964782
3.00000000000000,1.00000000000000,0.66724491986453
3.00000000000000,11.00000000000000,0.36137418545711
3.00000000000000,9.00000000000000,0.21461536442401
3.00000000000000,1.00000000000000,0.66598683427020
3.00000000000000,15.00000000000000,0.27506136371355
3.00000000000000,20.00000000000000,0.35120680114940
3.00000000000000,22.00000000000000,0.37010981093245
3.00000000000000,19.00000000000000,0.38917382024568
3.00000000000000,21.00000000000000,0.30730540049746
3.00000000000000,14.00000000000000,0.35970857794560
3.00000000000000,25.00000000000000,0.36685463723467
3.00000000000000,35.00000000000000,0.34795621384209
3.00000000000000,33.00000000000000,0.33843875489198
3.00000000000000,32.00000000000000,0.34591516877454
3.00000000000000,27.00000000000000,0.32986762700478
3.00000000000000,30.00000000000000,0.32745331049947
3.00000000000000,35.00000000000000,0.35269419566602
3.00000000000000,27.00000000000000,0.32608236476260
3.00000000000000,14.00000000000000,0.35701842992519
4.00000000000000,1.00000000000000,0.75038189159713
4.00000000000000,5.00000000000000,0.59582126849137
4.00000000000000,9.00000000000000,0.53392955111612
4.00000000000000,13.00000000000000,0.49013853261223
4.00000000000000,14.00000000000000,0.45471784630710
4.00000000000000,12.00000000000000,0.26771307750914
4.00000000000000,8.00000000000000,0.21967772422840
4.00000000000000,10.00000000000000,0.47670966948366
4.00000000000000,3.00000000000000,0.37621693157102
4.00000000000000,11.00000000000000,0.36663034469336
4.00000000000000,16.00000000000000,0.30433428109697
4.00000000000000,4.00000000000000,0.15469506171321
4.00000000000000,2.00000000000000,0.58389510854225
4.00000000000000,7.00000000000000,0.35893727994415
4.00000000000000,6.00000000000000,0.50001746663293
4.00000000000000,15.00000000000000,0.37328864776344
4.00000000000000,1.00000000000000,0.74901283490387
4.00000000000000,8.00000000000000,0.21828750406008
4.00000000000000,5.00000000000000,0.59691992672034
4.00000000000000,1.00000000000000,0.74781074124377
4.00000000000000,24.00000000000000,0.34759256582662
4.00000000000000,30.00000000000000,0.41713145930690
4.00000000000000,23.00000000000000,0.38216233824960
4.00000000000000,35.00000000000000,0.38975985670334
4.00000000000000,32.00000000000000,0.37234474235745
4.00000000000000,40.00000000000000,0.38380045588973
4.00000000000000,41.00000000000000,0.40248688434455
4.00000000000000,37.00000000000000,0.40579174420856
4.00000000000000,46.00000000000000,0.40394671752026
4.00000000000000,43.00000000000000,0.39680658833209
4.00000000000000,19.00000000000000,0.37567332127039
4.00000000000000,44.00000000000000,0.38389914499064
4.00000000000000,39.00000000000000,0.39595421044889
4.00000000000000,36.00000000000000,0.37763907298701
4.00000000000000,33.00000000000000,0.41147867088655
5.00000000000000,5.00000000000000,0.17463984287934
5.00000000000000,17.00000000000000,0.50432039870915
5.00000000000000,19.00000000000000,0.38430803560109
5.00000000000000,6.00000000000000,0.62519581692321
5.00000000000000,1.00000000000000,0.80194183067853
5.00000000000000,20.00000000000000,0.33933216804453
5.00000000000000,7.00000000000000,0.57422664508389
5.00000000000000,15.00000000000000,0.30034581238982
5.00000000000000,12.00000000000000,0.53316773884310
5.00000000000000,11.00000000000000,0.55458568657292
5.00000000000000,2.00000000000000,0.68441516026728
5.00000000000000,18.00000000000000,0.44881814909437
5.00000000000000,4.00000000000000,0.35345457636261
5.00000000000000,8.00000000000000,0.46836797870989
5.00000000000000,14.00000000000000,0.37074644683066
5.00000000000000,13.00000000000000,0.46245873077114
5.00000000000000,3.00000000000000,0.52834889511109
5.00000000000000,9.00000000000000,0.35245906889445
5.00000000000000,10.00000000000000,0.24709162327304
5.00000000000000,16.00000000000000,0.50828580630055
5.00000000000000,33.00000000000000,0.43649779904300
5.00000000000000,32.00000000000000,0.45909080157526
5.00000000000000,47.00000000000000,0.44110706141049
5.00000000000000,58.00000000000000,0.43059523433028
5.00000000000000,24.00000000000000,0.39651083100982
5.00000000000000,54.00000000000000,0.42543764883415
5.00000000000000,26.00000000000000,0.46121353732527
5.00000000000000,39.00000000000000,0.41834459197746
5.00000000000000,53.00000000000000,0.43425513174975
5.00000000000000,59.00000000000000,0.42838427663488
5.00000000000000,22.00000000000000,0.48349000032613
5.00000000000000,38.00000000000000,0.43530808603619
5.00000000000000,31.00000000000000,0.44600461367997
5.00000000000000,48.00000000000000,0.43889505729581
5.00000000000000,43.00000000000000,0.43555261097318
6.00000000000000,13.00000000000000,0.56480326762396
6.00000000000000,19.00000000000000,0.51697280010956
6.00000000000000,21.00000000000000,0.49818300387934
6.00000000000000,9.00000000000000,0.54443322554637
6.00000000000000,2.00000000000000,0.75068548309633
6.00000000000000,10.00000000000000,0.44963217415191
6.00000000000000,6.00000000000000,0.19099091838737
6.00000000000000,3.00000000000000,0.62687076666789
6.00000000000000,8.00000000000000,0.62362982689099
6.00000000000000,5.00000000000000,0.34087823628839
6.00000000000000,24.00000000000000,0.36964931645042
6.00000000000000,20.00000000000000,0.54167676047906
6.00000000000000,15.00000000000000,0.52418974182733
6.00000000000000,17.00000000000000,0.37600897352412
6.00000000000000,14.00000000000000,0.57285685540258
6.00000000000000,1.00000000000000,0.83240585656407
6.00000000000000,22.00000000000000,0.44909044948133
6.00000000000000,16.00000000000000,0.44585280608341
6.00000000000000,18.00000000000000,0.32594599974546
6.00000000000000,7.00000000000000,0.64491319924284
6.00000000000000,60.00000000000000,0.44489736811965
6.00000000000000,32.00000000000000,0.49230362698010
6.00000000000000,39.00000000000000,0.47562937771092
6.00000000000000,36.00000000000000,0.41325348885966
6.00000000000000,42.00000000000000,0.42967339426151
6.00000000000000,55.00000000000000,0.45402422748506
6.00000000000000,40.00000000000000,0.44916062236895
6.00000000000000,47.00000000000000,0.43930913344835
6.00000000000000,63.00000000000000,0.46135797279238
6.00000000000000,70.00000000000000,0.45388757367386
6.00000000000000,69.00000000000000,0.45690118294692
6.00000000000000,38.00000000000000,0.47953117823670
6.00000000000000,50.00000000000000,0.46737887828590
6.00000000000000,62.00000000000000,0.45889293335281
6.00000000000000,37.00000000000000,0.46114142995143
7.00000000000000,5.00000000000000,0.46091007686683
7.00000000000000,2.00000000000000,0.79838535116251
7.00000000000000,7.00000000000000,0.20351507548088
7.00000000000000,12.00000000000000,0.43561476062650
7.00000000000000,15.00000000000000,0.57325470595613
7.00000000000000,14.00000000000000,0.28654011298289
7.00000000000000,11.00000000000000,0.52016966569480
7.00000000000000,1.00000000000000,0.85777554642589
7.00000000000000,9.00000000000000,0.65492607679284
7.00000000000000,21.00000000000000,0.34683270711712
7.00000000000000,16.00000000000000,0.59604814866418
7.00000000000000,13.00000000000000,0.35353035406432
7.00000000000000,28.00000000000000,0.39388422973996
7.00000000000000,27.00000000000000,0.40536936304111
7.00000000000000,23.00000000000000,0.55977495827943
7.00000000000000,20.00000000000000,0.38102404122631
7.00000000000000,4.00000000000000,0.58207959950028
7.00000000000000,6.00000000000000,0.33226304316555
7.00000000000000,10.00000000000000,0.59700936318051
7.00000000000000,25.00000000000000,0.49791824632526
7.00000000000000,55.00000000000000,0.45537830926356
7.00000000000000,68.00000000000000,0.46888299370850
7.00000000000000,33.00000000000000,0.45494079996021
7.00000000000000,81.00000000000000,0.47308597413055
7.00000000000000,61.00000000000000,0.46888865292339
7.00000000000000,66.00000000000000,0.48091704937370
7.00000000000000,29.00000000000000,0.49730037897132
7.00000000000000,38.00000000000000,0.50865291566927
7.00000000000000,47.00000000000000,0.46515301216945
7.00000000000000,51.00000000000000,0.48970094264388
7.00000000000000,70.00000000000000,0.46352687036730
7.00000000000000,76.00000000000000,0.46343657545558
7.00000000000000,40.00000000000000,0.46108918238133
7.00000000000000,62.00000000000000,0.45900636516408
7.00000000000000,34.00000000000000,0.42370245082140
8.00000000000000,27.00000000000000,0.56184838022907
8.00000000000000,28.00000000000000,0.53160379551233
8.00000000000000,23.00000000000000,0.39031292752239
8.00000000000000,8.00000000000000,0.21174031416463
8.00000000000000,31.00000000000000,0.41913301064192
8.00000000000000,3.00000000000000,0.75103254192839
8.00000000000000,10.00000000000000,0.67783533753790
8.00000000000000,6.00000000000000,0.44005317723338
8.00000000000000,11.00000000000000,0.63358463303296
8.00000000000000,1.00000000000000,0.87645750334244
8.00000000000000,13.00000000000000,0.50448851343989
8.00000000000000,29.00000000000000,0.49101853274820
8.00000000000000,9.00000000000000,0.66018324766696
8.00000000000000,16.00000000000000,0.30352795960680
8.00000000000000,12.00000000000000,0.57297473100508
8.00000000000000,30.00000000000000,0.44942687193010
8.00000000000000,17.00000000000000,0.58015786013283
8.00000000000000,22.00000000000000,0.44034477453714
8.00000000000000,14.00000000000000,0.42795699771436
8.00000000000000,2.00000000000000,0.83355357387253
8.00000000000000,45.00000000000000,0.49272624184333
8.00000000000000,62.00000000000000,0.48203180565372
8.00000000000000,60.00000000000000,0.50047846463305
8.00000000000000,87.00000000000000,0.48100943490307
8.00000000000000,83.00000000000000,0.49453379885614
8.00000000000000,76.00000000000000,0.49518044086138
8.00000000000000,74.00000000000000,0.48786408882957
8.00000000000000,63.00000000000000,0.46938753808567
8.00000000000000,53.00000000000000,0.49268735827849
8.00000000000000,57.00000000000000,0.48603370794631
8.00000000000000,64.00000000000000,0.47151455885665
8.00000000000000,69.00000000000000,0.49115984235007
8.00000000000000,95.00000000000000,0.48566071773926
8.00000000000000,93.00000000000000,0.48653853204632
8.00000000000000,80.00000000000000,0.47963455471692
9.00000000000000,4.00000000000000,0.70902078495337
9.00000000000000,2.00000000000000,0.86345538551117
9.00000000000000,9.00000000000000,0.22264026742824
9.00000000000000,12.00000000000000,0.66325414097087
9.00000000000000,32.00000000000000,0.52806216651953
9.00000000000000,29.00000000000000,0.57927101797230
9.00000000000000,25.00000000000000,0.43927248339708
9.00000000000000,10.00000000000000,0.66484132910346
9.00000000000000,5.00000000000000,0.61854717722599
9.00000000000000,28.00000000000000,0.53013104652422
9.00000000000000,24.00000000000000,0.48646451898879
9.00000000000000,16.00000000000000,0.42264436360276
9.00000000000000,1.00000000000000,0.89009543212841
9.00000000000000,22.00000000000000,0.58223800475652
9.00000000000000,7.00000000000000,0.42616416915513
9.00000000000000,14.00000000000000,0.55421515710487
9.00000000000000,19.00000000000000,0.58347950991716
9.00000000000000,20.00000000000000,0.62807274461783
9.00000000000000,36.00000000000000,0.42368542668381
9.00000000000000,18.00000000000000,0.31346209884706
9.00000000000000,95.00000000000000,0.50513889892122
9.00000000000000,52.00000000000000,0.47400487204500
9.00000000000000,45.00000000000000,0.45554257538988
9.00000000000000,108.00000000000000,0.49034176809537
9.00000000000000,91.00000000000000,0.49636292117681
9.00000000000000,93.00000000000000,0.50698813190053
9.00000000000000,103.00000000000000,0.49704473918935
9.00000000000000,66.00000000000000,0.51641570986019
9.00000000000000,87.00000000000000,0.49829063051143
9.00000000000000,64.00000000000000,0.49553094681086
9.00000000000000,63.00000000000000,0.47559244630449
9.00000000000000,56.00000000000000,0.51965317331464
9.00000000000000,97.00000000000000,0.49762761611385
9.00000000000000,53.00000000000000,0.46511412762018
9.00000000000000,62.00000000000000,0.47409770437923
10.00000000000000,35.00000000000000,0.55083898213583
10.00000000000000,37.00000000000000,0.48875294090433
10.00000000000000,14.00000000000000,0.64284510250152
10.00000000000000,22.00000000000000,0.63738449948224
10.00000000000000,16.00000000000000,0.53514668839536
10.00000000000000,6.00000000000000,0.58781294938596
10.00000000000000,32.00000000000000,0.58894665210532
10.00000000000000,4.00000000000000,0.75433227316077
10.00000000000000,5.00000000000000,0.67498203137553
10.00000000000000,3.00000000000000,0.82709185231526
10.00000000000000,24.00000000000000,0.60503732266662
10.00000000000000,9.00000000000000,0.32334328698411
10.00000000000000,15.00000000000000,0.59289121740216
10.00000000000000,33.00000000000000,0.59257851929660
10.00000000000000,19.00000000000000,0.36526496220330
10.00000000000000,38.00000000000000,0.46030131797060
10.00000000000000,1.00000000000000,0.89918389141371
10.00000000000000,29.00000000000000,0.40527953367425
10.00000000000000,17.00000000000000,0.47737612320857
10.00000000000000,36.00000000000000,0.51942835582075
10.00000000000000,93.00000000000000,0.51505962049904
10.00000000000000,48.00000000000000,0.47262422235312
10.00000000000000,80.00000000000000,0.49275237726812
10.00000000000000,43.00000000000000,0.56537446033491
10.00000000000000,113.00000000000000,0.51314699278882
10.00000000000000,66.00000000000000,0.51504456848914
10.00000000000000,90.00000000000000,0.50205180671497
10.00000000000000,54.00000000000000,0.54597369826884
10.00000000000000,87.00000000000000,0.50740541999333
10.00000000000000,114.00000000000000,0.51577575675375
10.00000000000000,98.00000000000000,0.50714225284729
10.00000000000000,69.00000000000000,0.48720527886271
10.00000000000000,70.00000000000000,0.49314509896785
10.00000000000000,120.00000000000000,0.50747574588050
10.00000000000000,76.00000000000000,0.51596514683870
11.00000000000000,31.00000000000000,0.44066516776578
11.00000000000000,3.00000000000000,0.85364094070074
11.00000000000000,35.00000000000000,0.59001975731248
11.00000000000000,43.00000000000000,0.44610638600557
11.00000000000000,37.00000000000000,0.59413026060371
11.00000000000000,38.00000000000000,0.57659546401731
11.00000000000000,40.00000000000000,0.52071859481304
11.00000000000000,18.00000000000000,0.52346187539545
11.00000000000000,15.00000000000000,0.66767529924725
11.00000000000000,16.00000000000000,0.62477907545751
11.00000000000000,13.00000000000000,0.71235486083160
11.00000000000000,34.00000000000000,0.53296637393264
11.00000000000000,22.00000000000000,0.33761216671770
11.00000000000000,11.00000000000000,0.23755283765298
11.00000000000000,33.00000000000000,0.40490037855975
11.00000000000000,39.00000000000000,0.54762009262108
11.00000000000000,44.00000000000000,0.45153895806878
11.00000000000000,36.00000000000000,0.60379280889528
11.00000000000000,26.00000000000000,0.62603121422642
11.00000000000000,25.00000000000000,0.64684359024822
11.00000000000000,72.00000000000000,0.53301506231007
11.00000000000000,85.00000000000000,0.51419878284174
11.00000000000000,111.00000000000000,0.51756985895925
11.00000000000000,132.00000000000000,0.51239609510609
11.00000000000000,70.00000000000000,0.54585726176256
11.00000000000000,52.00000000000000,0.49823548741676
11.00000000000000,82.00000000000000,0.53380790239654
11.00000000000000,75.00000000000000,0.50028271937718
11.00000000000000,46.00000000000000,0.56204173589058
11.00000000000000,113.00000000000000,0.52712231434812
11.00000000000000,57.00000000000000,0.53822134564314
11.00000000000000,130.00000000000000,0.51998654096532
11.00000000000000,122.00000000000000,0.51503643058894
11.00000000000000,101.00000000000000,0.52068350531507
11.00000000000000,53.00000000000000,0.47845871513357
12.00000000000000,37.00000000000000,0.53728617133956
12.00000000000000,34.00000000000000,0.44217254276415
12.00000000000000,42.00000000000000,0.57075845831399
12.00000000000000,44.00000000000000,0.51547493517952
12.00000000000000,38.00000000000000,0.59475507677260
12.00000000000000,30.00000000000000,0.58449843950233
12.00000000000000,7.00000000000000,0.61982731977213
12.00000000000000,6.00000000000000,0.68841212163406
12.00000000000000,31.00000000000000,0.54790906221388
12.00000000000000,12.00000000000000,0.24350386733743
12.00000000000000,19.00000000000000,0.56233600253082
12.00000000000000,8.00000000000000,0.54721004988115
12.00000000000000,36.00000000000000,0.41632318469362
12.00000000000000,32.00000000000000,0.51223634908620
12.00000000000000,24.00000000000000,0.34533490507402
12.00000000000000,3.00000000000000,0.87575865642727
12.00000000000000,20.00000000000000,0.51364337265741
12.00000000000000,4.00000000000000,0.82051046994882
12.00000000000000,45.00000000000000,0.49145942964733
12.00000000000000,28.00000000000000,0.64405427825611
12.00000000000000,143.00000000000000,0.52258271762265
12.00000000000000,89.00000000000000,0.54339286726405
12.00000000000000,110.00000000000000,0.53190964560737
12.00000000000000,67.00000000000000,0.53663216161999
12.00000000000000,59.00000000000000,0.47591685709471
12.00000000000000,84.00000000000000,0.50750292314349
12.00000000000000,132.00000000000000,0.52206978421457
12.00000000000000,64.00000000000000,0.56231499281069
12.00000000000000,90.00000000000000,0.53728284249412
12.00000000000000,124.00000000000000,0.53346211601894
12.00000000000000,112.00000000000000,0.53592739244405
12.00000000000000,129.00000000000000,0.52599712851929
12.00000000000000,125.00000000000000,0.53357033577187
12.00000000000000,62.00000000000000,0.54224556610498
12.00000000000000,80.00000000000000,0.52292508965223
13.00000000000000,19.00000000000000,0.63755240892616
13.00000000000000,52.00000000000000,0.46874904829455
13.00000000000000,26.00000000000000,0.35288118901952
13.00000000000000,48.00000000000000,0.51484277890035
13.00000000000000,35.00000000000000,0.50704193123085
13.00000000000000,15.00000000000000,0.72780608773326
13.00000000000000,24.00000000000000,0.41451899479597
13.00000000000000,28.00000000000000,0.65076964700789
13.00000000000000,14.00000000000000,0.67444484478548
13.00000000000000,11.00000000000000,0.39036759277427
13.00000000000000,50.00000000000000,0.47027603739150
13.00000000000000,2.00000000000000,0.93455616196062
13.00000000000000,45.00000000000000,0.58947516042883
13.00000000000000,8.00000000000000,0.59770658055738
13.00000000000000,33.00000000000000,0.57604431592415
13.00000000000000,10.00000000000000,0.46366721367948
13.00000000000000,31.00000000000000,0.63395508585425
13.00000000000000,17.00000000000000,0.70561125294607
13.00000000000000,42.00000000000000,0.61622735450443
13.00000000000000,5.00000000000000,0.78915350110479
13.00000000000000,142.00000000000000,0.53223668199542
13.00000000000000,65.00000000000000,0.49436904397991
13.00000000000000,54.00000000000000,0.56884533129363
13.00000000000000,138.00000000000000,0.53499134955069
13.00000000000000,92.00000000000000,0.52700497397132
13.00000000000000,153.00000000000000,0.53685573189718
13.00000000000000,149.00000000000000,0.53833661377693
13.00000000000000,59.00000000000000,0.55646239698621
13.00000000000000,113.00000000000000,0.53212340256989
13.00000000000000,130.00000000000000,0.52877251771990
13.00000000000000,98.00000000000000,0.54238685059627
13.00000000000000,73.00000000000000,0.53982802267523
13.00000000000000,84.00000000000000,0.55761373032144
13.00000000000000,103.00000000000000,0.51830514730448
13.00000000000000,86.00000000000000,0.53959792018964
14.00000000000000,19.00000000000000,0.69282634296365
14.00000000000000,47.00000000000000,0.61786782148963
14.00000000000000,28.00000000000000,0.36333634471257
14.00000000000000,48.00000000000000,0.60450220757620
14.00000000000000,17.00000000000000,0.73741926779556
14.00000000000000,54.00000000000000,0.47617701607301
14.00000000000000,2.00000000000000,0.94276928664845
14.00000000000000,6.00000000000000,0.76156593995664
14.00000000000000,45.00000000000000,0.62064399406562
14.00000000000000,15.00000000000000,0.67039699413861
14.00000000000000,31.00000000000000,0.66715482466873
14.00000000000000,29.00000000000000,0.58380492396560
14.00000000000000,40.00000000000000,0.44558646186909
14.00000000000000,25.00000000000000,0.45431321157414
14.00000000000000,11.00000000000000,0.45052285436542
14.00000000000000,22.00000000000000,0.58099491621398
14.00000000000000,43.00000000000000,0.53885597116153
14.00000000000000,35.00000000000000,0.59699493589589
14.00000000000000,44.00000000000000,0.59655242197314
14.00000000000000,50.00000000000000,0.56209795083071
14.00000000000000,116.00000000000000,0.55358957387598
14.00000000000000,158.00000000000000,0.54528701307448
14.00000000000000,79.00000000000000,0.53861950701595
14.00000000000000,84.00000000000000,0.51313785123521
14.00000000000000,81.00000000000000,0.52069262668078
14.00000000000000,139.00000000000000,0.53586384119626
14.00000000000000,67.00000000000000,0.50820114047766
14.00000000000000,103.00000000000000,0.55971427014653
14.00000000000000,154.00000000000000,0.53716996572710
14.00000000000000,161.00000000000000,0.54547314319110
14.00000000000000,120.00000000000000,0.54285573717071
14.00000000000000,68.00000000000000,0.49709085644663
14.00000000000000,62.00000000000000,0.58540823098014
14.00000000000000,66.00000000000000,0.52106842221101
14.00000000000000,136.00000000000000,0.54121451609917
15.00000000000000,14.00000000000000,0.32222856208605
15.00000000000000,58.00000000000000,0.47880424448520
15.00000000000000,27.00000000000000,0.45095617875200
15.00000000000000,16.00000000000000,0.67079231773849
15.00000000000000,3.00000000000000,0.92850328330988
15.00000000000000,15.00000000000000,0.26049931399280
15.00000000000000,5.00000000000000,0.83921926347494
15.00000000000000,48.00000000000000,0.62738407716373
15.00000000000000,59.00000000000000,0.47198378001728
15.00000000000000,49.00000000000000,0.63381978832916
15.00000000000000,44.00000000000000,0.43795159400066
15.00000000000000,39.00000000000000,0.56115144750076
15.00000000000000,11.00000000000000,0.50515291983455
15.00000000000000,8.00000000000000,0.68026150751080
15.00000000000000,38.00000000000000,0.59005839094278
15.00000000000000,31.00000000000000,0.58174185795511
15.00000000000000,40.00000000000000,0.53170457853275
15.00000000000000,36.00000000000000,0.64182393114218
15.00000000000000,26.00000000000000,0.49261612938633
15.00000000000000,24.00000000000000,0.57101918880726
15.00000000000000,109.00000000000000,0.56160879552151
15.00000000000000,90.00000000000000,0.52154374845210
15.00000000000000,150.00000000000000,0.54219758548455
15.00000000000000,140.00000000000000,0.55499695101397
15.00000000000000,137.00000000000000,0.54874048885090
15.00000000000000,146.00000000000000,0.54624547465684
15.00000000000000,106.00000000000000,0.53850177831733
15.00000000000000,154.00000000000000,0.54663853369085
15.00000000000000,83.00000000000000,0.56448856550943
15.00000000000000,136.00000000000000,0.54236676265129
15.00000000000000,143.00000000000000,0.55076938885471
15.00000000000000,65.00000000000000,0.60347617805903
15.00000000000000,177.00000000000000,0.54741097649763
15.00000000000000,75.00000000000000,0.51011500374634
15.00000000000000,173.00000000000000,0.54988565264037
16.00000000000000,38.00000000000000,0.65640128274907
16.00000000000000,15.00000000000000,0.32285239867824
16.00000000000000,20.00000000000000,0.73904854528395
16.00000000000000,31.00000000000000,0.38918252817682
16.00000000000000,24.00000000000000,0.62953210222123
16.00000000000000,63.00000000000000,0.47983195747025
16.00000000000000,64.00000000000000,0.49107268615435
16.00000000000000,49.00000000000000,0.53912251041425
16.00000000000000,59.00000000000000,0.53444275303571
16.00000000000000,29.00000000000000,0.44880679225468
16.00000000000000,57.00000000000000,0.57532240390048
16.00000000000000,36.00000000000000,0.67995328652403
16.00000000000000,17.00000000000000,0.67261836413990
16.00000000000000,35.00000000000000,0.67653512377806
16.00000000000000,62.00000000000000,0.48372946653214
16.00000000000000,54.00000000000000,0.62725826341926
16.00000000000000,3.00000000000000,0.94045452393172
16.00000000000000,16.00000000000000,0.26382124914878
16.00000000000000,14.00000000000000,0.38017921693311
16.00000000000000,23.00000000000000,0.66442991535965
16.00000000000000,177.00000000000000,0.54722322975949
16.00000000000000,105.00000000000000,0.56419813817714
16.00000000000000,79.00000000000000,0.50740997817594
16.00000000000000,118.00000000000000,0.57021126154572
16.00000000000000,154.00000000000000,0.55372979914998
16.00000000000000,65.00000000000000,0.53267727893970
16.00000000000000,158.00000000000000,0.54932322509174
16.00000000000000,145.00000000000000,0.54792862084507
16.00000000000000,137.00000000000000,0.55851086436373
16.00000000000000,185.00000000000000,0.55561299133232
16.00000000000000,131.00000000000000,0.55954708383987
16.00000000000000,187.00000000000000,0.55446457865527
16.00000000000000,122.00000000000000,0.55458259836576
16.00000000000000,174.00000000000000,0.54892241125161
16.00000000000000,168.00000000000000,0.55810918806744
17.00000000000000,43.00000000000000,0.60234456779791
17.00000000000000,2.00000000000000,0.96722826422536
17.00000000000000,10.00000000000000,0.64228271137004
17.00000000000000,44.00000000000000,0.57779498181861
17.00000000000000,65.00000000000000,0.50045286168136
17.00000000000000,6.00000000000000,0.83754666813657
17.00000000000000,38.00000000000000,0.68634591940999
17.00000000000000,54.00000000000000,0.62987605798947
17.00000000000000,16.00000000000000,0.32409672034345
17.00000000000000,15.00000000000000,0.37807038756510
17.00000000000000,5.00000000000000,0.87902352365948
17.00000000000000,48.00000000000000,0.47729776312198
17.00000000000000,13.00000000000000,0.48617197353866
17.00000000000000,39.00000000000000,0.67898786366555
17.00000000000000,61.00000000000000,0.57155263358337
17.00000000000000,46.00000000000000,0.52392511480290
17.00000000000000,11.00000000000000,0.59124898330487
17.00000000000000,62.00000000000000,0.55329763354481
17.00000000000000,32.00000000000000,0.41736841900075
17.00000000000000,18.00000000000000,0.67523469098541
17.00000000000000,130.00000000000000,0.55712404686096
17.00000000000000,157.00000000000000,0.56370707744285
17.00000000000000,176.00000000000000,0.56268056062284
17.00000000000000,189.00000000000000,0.55815846239687
17.00000000000000,124.00000000000000,0.57394780040918
17.00000000000000,87.00000000000000,0.56155990922254
17.00000000000000,166.00000000000000,0.55265686235491
17.00000000000000,143.00000000000000,0.56977786114571
17.00000000000000,150.00000000000000,0.55052225492903
17.00000000000000,80.00000000000000,0.54091364547257
17.00000000000000,183.00000000000000,0.55746083109923
17.00000000000000,84.00000000000000,0.51318059025782
17.00000000000000,69.00000000000000,0.53636728116630
17.00000000000000,83.00000000000000,0.51158169319042
17.00000000000000,74.00000000000000,0.61327597685793
18.00000000000000,46.00000000000000,0.59589853269691
18.00000000000000,8.00000000000000,0.76804626792732
18.00000000000000,25.00000000000000,0.69885915385077
18.00000000000000,67.00000000000000,0.53317135593421
18.00000000000000,31.00000000000000,0.51277842952267
18.00000000000000,66.00000000000000,0.54912405320973
18.00000000000000,3.00000000000000,0.96179674100368
18.00000000000000,44.00000000000000,0.64099406922357
18.00000000000000,27.00000000000000,0.64090809717777
18.00000000000000,51.00000000000000,0.47760189535789
18.00000000000000,4.00000000000000,0.93170267996330
18.00000000000000,2.00000000000000,0.97295956995190
18.00000000000000,62.00000000000000,0.62219933743263
18.00000000000000,41.00000000000000,0.69066941421532
18.00000000000000,23.00000000000000,0.74323040496078
18.00000000000000,15.00000000000000,0.42657118655003
18.00000000000000,24.00000000000000,0.71997682260567
18.00000000000000,58.00000000000000,0.64756382445163
18.00000000000000,53.00000000000000,0.45110187418441
18.00000000000000,61.00000000000000,0.63542204486561
18.00000000000000,126.00000000000000,0.54819863369063
18.00000000000000,190.00000000000000,0.56903220905237
18.00000000000000,203.00000000000000,0.56598988051304
18.00000000000000,179.00000000000000,0.55671067556432
18.00000000000000,145.00000000000000,0.55830888724707
18.00000000000000,114.00000000000000,0.58958840514841
18.00000000000000,125.00000000000000,0.54431765401091
18.00000000000000,137.00000000000000,0.56818191672109
18.00000000000000,148.00000000000000,0.56817601177690
18.00000000000000,80.00000000000000,0.60383304238893
18.00000000000000,77.00000000000000,0.62032370348935
18.00000000000000,78.00000000000000,0.61737353912260
18.00000000000000,88.00000000000000,0.51613185738467
18.00000000000000,168.00000000000000,0.56931546810805
18.00000000000000,165.00000000000000,0.56448124603053
19.00000000000000,59.00000000000000,0.59987634653801
19.00000000000000,9.00000000000000,0.74936985555553
19.00000000000000,73.00000000000000,0.50404308980460
19.00000000000000,21.00000000000000,0.74690676663073
19.00000000000000,74.00000000000000,0.49817562256403
19.00000000000000,68.00000000000000,0.58505752455829
19.00000000000000,40.00000000000000,0.65370956270513
19.00000000000000,5.00000000000000,0.91151008663227
19.00000000000000,37.00000000000000,0.39842348117305
19.00000000000000,52.00000000000000,0.51932681956600
19.00000000000000,38.00000000000000,0.39179731882436
19.00000000000000,2.00000000000000,0.97765904767667
19.00000000000000,30.00000000000000,0.60091047718010
19.00000000000000,15.00000000000000,0.46996003739586
19.00000000000000,58.00000000000000,0.54086670575511
19.00000000000000,1.00000000000000,0.94825025420044
19.00000000000000,46.00000000000000,0.65263314691699
19.00000000000000,69.00000000000000,0.56653296145637
19.00000000000000,22.00000000000000,0.76417620798959
19.00000000000000,66.00000000000000,0.61758344330627
19.00000000000000,146.00000000000000,0.56476589101436
19.00000000000000,199.00000000000000,0.57227501102113
19.00000000000000,112.00000000000000,0.54139236536957
19.00000000000000,125.00000000000000,0.57877955470201
19.00000000000000,177.00000000000000,0.57680446997267
19.00000000000000,138.00000000000000,0.58353845159652
19.00000000000000,151.00000000000000,0.55772837625451
19.00000000000000,98.00000000000000,0.58352109911631
19.00000000000000,137.00000000000000,0.57829562407067
19.00000000000000,139.00000000000000,0.58361637788298
19.00000000000000,94.00000000000000,0.52382382692521
19.00000000000000,126.00000000000000,0.56990885137198
19.00000000000000,81.00000000000000,0.62229452922725
19.00000000000000,163.00000000000000,0.57334333666632
19.00000000000000,179.00000000000000,0.57663680674244
20.00000000000000,7.00000000000000,0.85214266210422
20.00000000000000,15.00000000000000,0.51002286039094
20.00000000000000,63.00000000000000,0.63393655854423
20.00000000000000,29.00000000000000,0.67669979853572
20.00000000000000,47.00000000000000,0.68007393178124
20.00000000000000,64.00000000000000,0.65064845505470
20.00000000000000,48.00000000000000,0.66571336752131
20.00000000000000,77.00000000000000,0.50849942949807
20.00000000000000,5.00000000000000,0.92575180016752
20.00000000000000,43.00000000000000,0.68897571617373
20.00000000000000,51.00000000000000,0.60727541008991
20.00000000000000,70.00000000000000,0.61505019660050
20.00000000000000,38.00000000000000,0.42263569393491
20.00000000000000,18.00000000000000,0.37395973184824
20.00000000000000,60.00000000000000,0.47396032002928
20.00000000000000,62.00000000000000,0.59913092982513
20.00000000000000,67.00000000000000,0.65306116360111
20.00000000000000,80.00000000000000,0.51443758352207
20.00000000000000,10.00000000000000,0.73207430719842
20.00000000000000,41.00000000000000,0.57209893176001
20.00000000000000,175.00000000000000,0.56666302208144
20.00000000000000,170.00000000000000,0.58372457446343
20.00000000000000,225.00000000000000,0.57317846087987
20.00000000000000,103.00000000000000,0.58792290426731
20.00000000000000,86.00000000000000,0.62974168321770
20.00000000000000,159.00000000000000,0.55837031496581
20.00000000000000,215.00000000000000,0.57321484573159
20.00000000000000,147.00000000000000,0.59065952543278
20.00000000000000,99.00000000000000,0.52797335153551
20.00000000000000,218.00000000000000,0.56813611772928
20.00000000000000,110.00000000000000,0.59833321669375
20.00000000000000,100.00000000000000,0.53387534056413
20.00000000000000,152.00000000000000,0.57717400714955
20.00000000000000,156.00000000000000,0.56252980287490
20.00000000000000,162.00000000000000,0.57087216793422
21.00000000000000,80.00000000000000,0.52273460666090
21.00000000000000,8.00000000000000,0.83239111802368
21.00000000000000,39.00000000000000,0.44401084665680
21.00000000000000,69.00000000000000,0.66252347179220
21.00000000000000,55.00000000000000,0.58230834412787
21.00000000000000,34.00000000000000,0.58565248340943
21.00000000000000,70.00000000000000,0.65820270577614
21.00000000000000,37.00000000000000,0.50000398704657
21.00000000000000,13.00000000000000,0.63103332201956
21.00000000000000,24.00000000000000,0.77026850750598
21.00000000000000,67.00000000000000,0.65270201806271
21.00000000000000,25.00000000000000,0.77488574962028
21.00000000000000,6.00000000000000,0.90414045574041
21.00000000000000,23.00000000000000,0.74626300192180
21.00000000000000,77.00000000000000,0.56381146924214
21.00000000000000,1.00000000000000,0.95243740853386
21.00000000000000,18.00000000000000,0.41571482858295
21.00000000000000,32.00000000000000,0.63808348572362
21.00000000000000,38.00000000000000,0.47143532046143
21.00000000000000,29.00000000000000,0.71472400727722
21.00000000000000,230.00000000000000,0.57281439521482
21.00000000000000,130.00000000000000,0.58968122530997
21.00000000000000,218.00000000000000,0.58230236317556
21.00000000000000,238.00000000000000,0.58069649113769
21.00000000000000,125.00000000000000,0.54746852591177
21.00000000000000,167.00000000000000,0.56310022870115
21.00000000000000,89.00000000000000,0.62991009057204
21.00000000000000,189.00000000000000,0.57063816296490
21.00000000000000,186.00000000000000,0.57168791427146
21.00000000000000,227.00000000000000,0.57362902156996
21.00000000000000,195.00000000000000,0.58033780926901
21.00000000000000,105.00000000000000,0.54149326785607
21.00000000000000,191.00000000000000,0.57405074082126
21.00000000000000,146.00000000000000,0.55863954556363
21.00000000000000,143.00000000000000,0.56070914525265
22.00000000000000,82.00000000000000,0.54897159334579
22.00000000000000,61.00000000000000,0.51741592262595
22.00000000000000,53.00000000000000,0.67277430669986
22.00000000000000,81.00000000000000,0.56075350647348
22.00000000000000,55.00000000000000,0.63620909185431
22.00000000000000,71.00000000000000,0.66190411098350
22.00000000000000,39.00000000000000,0.49509383714541
22.00000000000000,22.00000000000000,0.28733240277885
22.00000000000000,20.00000000000000,0.37007511461491
22.00000000000000,15.00000000000000,0.57810810197345
22.00000000000000,67.00000000000000,0.54632190032388
22.00000000000000,11.00000000000000,0.73748310550222
22.00000000000000,77.00000000000000,0.62151309504836
22.00000000000000,65.00000000000000,0.47009153484628
22.00000000000000,79.00000000000000,0.59374471439733
22.00000000000000,47.00000000000000,0.68782960179745
22.00000000000000,14.00000000000000,0.61964146263801
22.00000000000000,87.00000000000000,0.51050229280498
22.00000000000000,50.00000000000000,0.70652218882342
22.00000000000000,28.00000000000000,0.76104761322142
22.00000000000000,196.00000000000000,0.57293676884604
22.00000000000000,223.00000000000000,0.58195938204094
22.00000000000000,144.00000000000000,0.59193174793281
22.00000000000000,127.00000000000000,0.55869386440161
22.00000000000000,258.00000000000000,0.58205288176160
22.00000000000000,129.00000000000000,0.54942475699893
22.00000000000000,244.00000000000000,0.57837862212676
22.00000000000000,226.00000000000000,0.58226819634469
22.00000000000000,206.00000000000000,0.59114046339301
22.00000000000000,187.00000000000000,0.58799277651551
22.00000000000000,184.00000000000000,0.58869132332031
22.00000000000000,220.00000000000000,0.57711173317452
22.00000000000000,90.00000000000000,0.57941122090712
22.00000000000000,219.00000000000000,0.57310244121916
22.00000000000000,119.00000000000000,0.61419820648896
23.00000000000000,86.00000000000000,0.54722175086104
23.00000000000000,64.00000000000000,0.51423303695763
23.00000000000000,61.00000000000000,0.57210770438925
23.00000000000000,3.00000000000000,0.99703339259605
23.00000000000000,36.00000000000000,0.62362833502464
23.00000000000000,65.00000000000000,0.49800752788243
23.00000000000000,4.00000000000000,0.98201477756601
23.00000000000000,23.00000000000000,0.29068984650626
23.00000000000000,47.00000000000000,0.57279200449590
23.00000000000000,18.00000000000000,0.49122767206311
23.00000000000000,80.00000000000000,0.63283667576462
23.00000000000000,88.00000000000000,0.52503879151263
23.00000000000000,67.00000000000000,0.47466499934949
23.00000000000000,68.00000000000000,0.47386922569861
23.00000000000000,77.00000000000000,0.66114477912546
23.00000000000000,51.00000000000000,0.71193587630338
23.00000000000000,79.00000000000000,0.64318165158704
23.00000000000000,59.00000000000000,0.61093774983160
23.00000000000000,81.00000000000000,0.61939757091757
23.00000000000000,89.00000000000000,0.51728156485368
23.00000000000000,236.00000000000000,0.58608563701184
23.00000000000000,137.00000000000000,0.55729755722411
23.00000000000000,251.00000000000000,0.58071310569619
23.00000000000000,145.00000000000000,0.60686441609496
23.00000000000000,208.00000000000000,0.57989803774518
23.00000000000000,188.00000000000000,0.58758804476291
23.00000000000000,216.00000000000000,0.59426503087761
23.00000000000000,244.00000000000000,0.58792420414633
23.00000000000000,143.00000000000000,0.60058043362768
23.00000000000000,117.00000000000000,0.57820594503277
23.00000000000000,160.00000000000000,0.56535068441755
23.00000000000000,174.00000000000000,0.59162400506938
23.00000000000000,241.00000000000000,0.58924454090862
23.00000000000000,132.00000000000000,0.56918815450416
23.00000000000000,138.00000000000000,0.56159324308391
24.00000000000000,80.00000000000000,0.66905076619674
24.00000000000000,22.00000000000000,0.36974708567647
24.00000000000000,43.00000000000000,0.49293299132869
24.00000000000000,23.00000000000000,0.33038655125181
24.00000000000000,38.00000000000000,0.61557107748808
24.00000000000000,21.00000000000000,0.40782225835657
24.00000000000000,71.00000000000000,0.47524774334901
24.00000000000000,59.00000000000000,0.65925531533378
24.00000000000000,85.00000000000000,0.61469006411317
24.00000000000000,47.00000000000000,0.41372042365460
24.00000000000000,26.00000000000000,0.75155047925551
24.00000000000000,90.00000000000000,0.54832407938798
24.00000000000000,10.00000000000000,0.81247486612979
24.00000000000000,89.00000000000000,0.55895168743351
24.00000000000000,39.00000000000000,0.59188420853945
24.00000000000000,82.00000000000000,0.65036406100623
24.00000000000000,75.00000000000000,0.63547377027423
24.00000000000000,19.00000000000000,0.48498352687780
24.00000000000000,72.00000000000000,0.49094058834873
24.00000000000000,12.00000000000000,0.74388665596926
24.00000000000000,182.00000000000000,0.59720893105534
24.00000000000000,134.00000000000000,0.59424369888238
24.00000000000000,103.00000000000000,0.64371576704137
24.00000000000000,221.00000000000000,0.59225598682327
24.00000000000000,205.00000000000000,0.59904726768223
24.00000000000000,270.00000000000000,0.59050442072978
24.00000000000000,166.00000000000000,0.56718779595402
24.00000000000000,114.00000000000000,0.55969255192105
24.00000000000000,215.00000000000000,0.58016982847272
24.00000000000000,213.00000000000000,0.58128928807693
24.00000000000000,162.00000000000000,0.57588142325637
24.00000000000000,279.00000000000000,0.59056543355971
24.00000000000000,183.00000000000000,0.58800404528301
24.00000000000000,268.00000000000000,0.58841274426739
24.00000000000000,247.00000000000000,0.59147908634456
25.00000000000000,33.00000000000000,0.75567540698150
25.00000000000000,21.00000000000000,0.44393875510813
25.00000000000000,48.00000000000000,0.42993102975741
25.00000000000000,24.00000000000000,0.33216480627068
25.00000000000000,7.00000000000000,0.92263720126717
25.00000000000000,17.00000000000000,0.58859116705353
25.00000000000000,13.00000000000000,0.72921686078897
25.00000000000000,81.00000000000000,0.67571814114609
25.00000000000000,85.00000000000000,0.65737231264129
25.00000000000000,66.00000000000000,0.58585631738287
25.00000000000000,8.00000000000000,0.89440012333265
25.00000000000000,61.00000000000000,0.67076462175012
25.00000000000000,26.00000000000000,0.66913128286692
25.00000000000000,87.00000000000000,0.63887474014121
25.00000000000000,77.00000000000000,0.60060570380037
25.00000000000000,22.00000000000000,0.40611578333209
25.00000000000000,98.00000000000000,0.51885323142418
25.00000000000000,40.00000000000000,0.60903237745450
25.00000000000000,94.00000000000000,0.54731019804979
25.00000000000000,32.00000000000000,0.77098020389755
25.00000000000000,259.00000000000000,0.59494667833863
25.00000000000000,149.00000000000000,0.56496398134140
25.00000000000000,141.00000000000000,0.59158951319712
25.00000000000000,152.00000000000000,0.58158268378294
25.00000000000000,210.00000000000000,0.60331602506329
25.00000000000000,187.00000000000000,0.60232268022022
25.00000000000000,183.00000000000000,0.60773593532243
25.00000000000000,275.00000000000000,0.58974585564565
25.00000000000000,105.00000000000000,0.63585018089828
25.00000000000000,287.00000000000000,0.59334023660326
25.00000000000000,200.00000000000000,0.57926646574187
25.00000000000000,150.00000000000000,0.56908070355233
25.00000000000000,124.00000000000000,0.54845350272570
25.00000000000000,265.00000000000000,0.59443673464200
25.00000000000000,223.00000000000000,0.58435882628256
26.00000000000000,21.00000000000000,0.47634910506182
26.00000000000000,89.00000000000000,0.65468085373559
26.00000000000000,9.00000000000000,0.87631150774627
26.00000000000000,75.00000000000000,0.49167756134190
26.00000000000000,80.00000000000000,0.60269388689683
26.00000000000000,81.00000000000000,0.63510410400396
26.00000000000000,41.00000000000000,0.62731417935421
26.00000000000000,31.00000000000000,0.79361266220560
26.00000000000000,45.00000000000000,0.53505518845650
26.00000000000000,74.00000000000000,0.50292342652670
26.00000000000000,3.00000000000000,1.01202142460774
26.00000000000000,64.00000000000000,0.66415559124605
26.00000000000000,102.00000000000000,0.52385255379199
26.00000000000000,11.00000000000000,0.81593153012745
26.00000000000000,36.00000000000000,0.73130836021440
26.00000000000000,54.00000000000000,0.65200409977045
26.00000000000000,70.00000000000000,0.56455705348098
26.00000000000000,98.00000000000000,0.54785934740224
26.00000000000000,22.00000000000000,0.44041285996800
26.00000000000000,97.00000000000000,0.56130461890705
26.00000000000000,141.00000000000000,0.62480130442464
26.00000000000000,259.00000000000000,0.59012988947504
26.00000000000000,121.00000000000000,0.58960081420234
26.00000000000000,195.00000000000000,0.60654511319977
26.00000000000000,191.00000000000000,0.61135852646296
26.00000000000000,241.00000000000000,0.59841516128090
26.00000000000000,153.00000000000000,0.56384222430617
26.00000000000000,167.00000000000000,0.61767521099828
26.00000000000000,225.00000000000000,0.59531563119850
26.00000000000000,296.00000000000000,0.59714431800697
26.00000000000000,130.00000000000000,0.56064195559213
26.00000000000000,220.00000000000000,0.60514196996777
26.00000000000000,142.00000000000000,0.62094148504995
26.00000000000000,254.00000000000000,0.59102501496438
26.00000000000000,266.00000000000000,0.59808650438354
27.00000000000000,6.00000000000000,0.96877288773904
27.00000000000000,87.00000000000000,0.68152310869334
27.00000000000000,85.00000000000000,0.65915145282983
27.00000000000000,39.00000000000000,0.70381868064241
27.00000000000000,28.00000000000000,0.66141157901074
27.00000000000000,17.00000000000000,0.64014027026979
27.00000000000000,102.00000000000000,0.54882495303452
27.00000000000000,54.00000000000000,0.42494549213477
27.00000000000000,44.00000000000000,0.59652646065121
27.00000000000000,19.00000000000000,0.57289721190581
27.00000000000000,83.00000000000000,0.59960249058264
27.00000000000000,20.00000000000000,0.53953905597575
27.00000000000000,66.00000000000000,0.67300198359986
27.00000000000000,46.00000000000000,0.55305521054053
27.00000000000000,105.00000000000000,0.52816557622383
27.00000000000000,77.00000000000000,0.50298906020479
27.00000000000000,53.00000000000000,0.42003533407006
27.00000000000000,106.00000000000000,0.52611768969946
27.00000000000000,35.00000000000000,0.77194963812745
27.00000000000000,67.00000000000000,0.65882527157880
27.00000000000000,140.00000000000000,0.62012996025825
27.00000000000000,293.00000000000000,0.59314729635873
27.00000000000000,233.00000000000000,0.59937181270282
27.00000000000000,136.00000000000000,0.57321200847412
27.00000000000000,251.00000000000000,0.60505851034922
27.00000000000000,217.00000000000000,0.59094117043692
27.00000000000000,281.00000000000000,0.60565745843376
27.00000000000000,194.00000000000000,0.60432143138579
27.00000000000000,276.00000000000000,0.59821814612600
27.00000000000000,185.00000000000000,0.57923682976887
27.00000000000000,113.00000000000000,0.64117747610005
27.00000000000000,227.00000000000000,0.60877811395615
27.00000000000000,321.00000000000000,0.59437326668947
27.00000000000000,218.00000000000000,0.59424346231695
27.00000000000000,159.00000000000000,0.56600101722740
28.00000000000000,51.00000000000000,0.48588132994337
28.00000000000000,110.00000000000000,0.52915115857649
28.00000000000000,62.00000000000000,0.73060271870405
28.00000000000000,23.00000000000000,0.46733162475059
28.00000000000000,53.00000000000000,0.45014626669096
28.00000000000000,8.00000000000000,0.92778922835418
28.00000000000000,27.00000000000000,0.33515939117300
28.00000000000000,76.00000000000000,0.55885076568101
28.00000000000000,10.00000000000000,0.87526090148384
28.00000000000000,90.00000000000000,0.68216646034427
28.00000000000000,50.00000000000000,0.50780054172365
28.00000000000000,35.00000000000000,0.78807142003096
28.00000000000000,5.00000000000000,0.99697362589127
28.00000000000000,99.00000000000000,0.62955443488339
28.00000000000000,36.00000000000000,0.77863116932994
28.00000000000000,4.00000000000000,1.01031973959104
28.00000000000000,26.00000000000000,0.36740193826781
28.00000000000000,101.00000000000000,0.60793924442432
28.00000000000000,95.00000000000000,0.66808554725052
28.00000000000000,106.00000000000000,0.55051270380036
28.00000000000000,127.00000000000000,0.62253072605191
28.00000000000000,319.00000000000000,0.60372688738118
28.00000000000000,151.00000000000000,0.63540608766835
28.00000000000000,149.00000000000000,0.63789057064502
28.00000000000000,260.00000000000000,0.60656891088860
28.00000000000000,162.00000000000000,0.57761754319445
28.00000000000000,220.00000000000000,0.58694594129356
28.00000000000000,198.00000000000000,0.59351285471160
28.00000000000000,201.00000000000000,0.60496123299906
28.00000000000000,313.00000000000000,0.60175892773208
28.00000000000000,236.00000000000000,0.60950891007186
28.00000000000000,179.00000000000000,0.62657946461556
28.00000000000000,154.00000000000000,0.62252904952329
28.00000000000000,288.00000000000000,0.60507696246671
28.00000000000000,274.00000000000000,0.59607467164111
29.00000000000000,101.00000000000000,0.64794729469251
29.00000000000000,97.00000000000000,0.68234915222459
29.00000000000000,108.00000000000000,0.56946495285933
29.00000000000000,5.00000000000000,1.00128683888383
29.00000000000000,27.00000000000000,0.36879337894837
29.00000000000000,77.00000000000000,0.58689148128667
29.00000000000000,21.00000000000000,0.56014099184521
29.00000000000000,112.00000000000000,0.53674312980898
29.00000000000000,25.00000000000000,0.43452280670151
29.00000000000000,90.00000000000000,0.63841214062647
29.00000000000000,30.00000000000000,0.66331303057098
29.00000000000000,96.00000000000000,0.68687700361502
29.00000000000000,54.00000000000000,0.46578533788347
29.00000000000000,4.00000000000000,1.01551981857438
29.00000000000000,39.00000000000000,0.75501672873885
29.00000000000000,63.00000000000000,0.72892201981049
29.00000000000000,49.00000000000000,0.56503311176983
29.00000000000000,56.00000000000000,0.43524174128505
29.00000000000000,59.00000000000000,0.56684409347870
29.00000000000000,80.00000000000000,0.54266475394741
29.00000000000000,315.00000000000000,0.60091657276310
29.00000000000000,178.00000000000000,0.60863858830992
29.00000000000000,257.00000000000000,0.59596493989594
29.00000000000000,156.00000000000000,0.63683072144288
29.00000000000000,132.00000000000000,0.62037626827968
29.00000000000000,347.00000000000000,0.60218234612690
29.00000000000000,206.00000000000000,0.59944118857373
29.00000000000000,346.00000000000000,0.60161655362115
29.00000000000000,332.00000000000000,0.60927841956826
29.00000000000000,213.00000000000000,0.61644308717684
29.00000000000000,193.00000000000000,0.60188869536090
29.00000000000000,318.00000000000000,0.59713051000822
29.00000000000000,274.00000000000000,0.60976526645922
29.00000000000000,161.00000000000000,0.61659431157641
29.00000000000000,328.00000000000000,0.60812514324248
30.00000000000000,5.00000000000000,1.00675466529716
30.00000000000000,37.00000000000000,0.79913380092112
30.00000000000000,76.00000000000000,0.64566503122318
30.00000000000000,113.00000000000000,0.55901700607192
30.00000000000000,80.00000000000000,0.58506889670151
30.00000000000000,108.00000000000000,0.61375855826728
30.00000000000000,24.00000000000000,0.49254692317383
30.00000000000000,111.00000000000000,0.58042192530831
30.00000000000000,10.00000000000000,0.89733374081084
30.00000000000000,41.00000000000000,0.74902454502307
30.00000000000000,15.00000000000000,0.75976553354495
30.00000000000000,99.00000000000000,0.68973874706278
30.00000000000000,27.00000000000000,0.39930874692343
30.00000000000000,61.00000000000000,0.56639845010665
30.00000000000000,75.00000000000000,0.65916119863153
30.00000000000000,109.00000000000000,0.60192039595087
30.00000000000000,48.00000000000000,0.62106332032457
30.00000000000000,57.00000000000000,0.45312241788198
30.00000000000000,67.00000000000000,0.73585707476708
30.00000000000000,13.00000000000000,0.81845332163106
30.00000000000000,337.00000000000000,0.60791544113621
30.00000000000000,214.00000000000000,0.60703487407779
30.00000000000000,201.00000000000000,0.59847366526554
30.00000000000000,246.00000000000000,0.61026543069171
30.00000000000000,340.00000000000000,0.60790927271806
30.00000000000000,202.00000000000000,0.59589434834359
30.00000000000000,359.00000000000000,0.60334815954526
30.00000000000000,196.00000000000000,0.61782968588512
30.00000000000000,291.00000000000000,0.60401520778719
30.00000000000000,262.00000000000000,0.60155817819525
30.00000000000000,268.00000000000000,0.59792406343699
30.00000000000000,154.00000000000000,0.61609841575068
30.00000000000000,327.00000000000000,0.60391697658430
30.00000000000000,193.00000000000000,0.62612095883673
30.00000000000000,346.00000000000000,0.60898443782263
31.00000000000000,117.00000000000000,0.56116588324811
31.00000000000000,58.00000000000000,0.46817401290864
31.00000000000000,1.00000000000000,0.96597042664462
31.00000000000000,61.00000000000000,0.43099696266009
31.00000000000000,29.00000000000000,0.36849932029755
31.00000000000000,77.00000000000000,0.66635291688835
31.00000000000000,81.00000000000000,0.61344377927289
31.00000000000000,66.00000000000000,0.71841273931363
31.00000000000000,99.00000000000000,0.68858350139384
31.00000000000000,111.00000000000000,0.62362485119924
31.00000000000000,30.00000000000000,0.33869778981608
31.00000000000000,35.00000000000000,0.80237098580935
31.00000000000000,76.00000000000000,0.68082957674355
31.00000000000000,110.00000000000000,0.63172048035706
31.00000000000000,124.00000000000000,0.55232221917656
31.00000000000000,122.00000000000000,0.53796008926067
31.00000000000000,114.00000000000000,0.58860167755413
31.00000000000000,59.00000000000000,0.45193825018981
31.00000000000000,113.00000000000000,0.59973105668540
31.00000000000000,106.00000000000000,0.67048549661236
31.00000000000000,150.00000000000000,0.56543007246751
31.00000000000000,310.00000000000000,0.60449293828847
31.00000000000000,354.00000000000000,0.61416457924765
31.00000000000000,175.00000000000000,0.60685069356544
31.00000000000000,170.00000000000000,0.63210696733586
31.00000000000000,362.00000000000000,0.61020203965673
31.00000000000000,328.00000000000000,0.61056408973930
31.00000000000000,276.00000000000000,0.59908804392631
31.00000000000000,211.00000000000000,0.59033168953621
31.00000000000000,256.00000000000000,0.61604446288477
31.00000000000000,213.00000000000000,0.59086783642038
31.00000000000000,159.00000000000000,0.61421458965970
31.00000000000000,169.00000000000000,0.63757391024447
31.00000000000000,234.00000000000000,0.61687885096402
31.00000000000000,312.00000000000000,0.60477698007966
32.00000000000000,3.00000000000000,1.03577932627304
32.00000000000000,83.00000000000000,0.62187978138774
32.00000000000000,30.00000000000000,0.36771533996931
32.00000000000000,87.00000000000000,0.56805241538767
32.00000000000000,51.00000000000000,0.63109660416898
32.00000000000000,4.00000000000000,1.02654209699322
32.00000000000000,44.00000000000000,0.74943802261212
32.00000000000000,25.00000000000000,0.51356154111271
32.00000000000000,59.00000000000000,0.48635463377816
32.00000000000000,60.00000000000000,0.46696359799831
32.00000000000000,105.00000000000000,0.69783259407129
32.00000000000000,57.00000000000000,0.51945395395681
32.00000000000000,117.00000000000000,0.59953471428523
32.00000000000000,1.00000000000000,0.96921177995122
32.00000000000000,6.00000000000000,1.00236240296243
32.00000000000000,61.00000000000000,0.45339943842463
32.00000000000000,56.00000000000000,0.53766209018434
32.00000000000000,99.00000000000000,0.63662180725134
32.00000000000000,81.00000000000000,0.65020753728869
32.00000000000000,119.00000000000000,0.57864806926933
32.00000000000000,344.00000000000000,0.60890687078785
32.00000000000000,383.00000000000000,0.60863125386717
32.00000000000000,135.00000000000000,0.65938421035234
32.00000000000000,248.00000000000000,0.60607386116420
32.00000000000000,262.00000000000000,0.61632697165612
32.00000000000000,377.00000000000000,0.60853963831682
32.00000000000000,213.00000000000000,0.60902108530843
32.00000000000000,264.00000000000000,0.61789794588176
32.00000000000000,233.00000000000000,0.62484221771347
32.00000000000000,184.00000000000000,0.59192584128804
32.00000000000000,242.00000000000000,0.61538396064589
32.00000000000000,169.00000000000000,0.64883612197952
32.00000000000000,136.00000000000000,0.66591154352754
32.00000000000000,267.00000000000000,0.62147062399242
32.00000000000000,305.00000000000000,0.61578224526192
